,0,1,2,3,4,5,6,7,8,9,10,11,12,13,14,15,16,17,18,19,20,21,22,23,24,25,26,27,28,29,30,31,32,33,34,35,36,37,38,39
0,0.28098068,-0.04961672,-0.0032152657,-0.48354557,-0.12365591,0.56429213,0.4329478,0.21506399,-0.1551133,-0.14098994,0.50303197,-0.08639769,-0.29134867,0.4296894,0.45688528,0.30991578,0.30692706,0.4840122,-0.35462618,-0.44329822,-0.5337535,0.03272603,0.43620095,-0.35754657,-0.015417723,-0.31973946,0.06801233,0.15837641,0.09116972,0.3764099,0.12794788,-0.1747663,-0.22274542,-0.10321567,-0.015834987,-0.20743442,-0.33599392,-0.20572068,0.1663347,-0.027663415
2,0.25949696,-0.124253124,0.5168821,-0.5079715,0.04987272,-0.42340854,0.30114436,0.04115496,-0.20470218,0.1483901,-0.4420877,0.025591413,-0.099303044,0.7193182,0.55533314,0.2649136,0.35999346,0.5608044,-0.12602659,-0.3761462,-0.45010015,-0.13698527,0.2975782,-0.3420332,-0.06916263,0.0046508173,0.26553637,0.1831822,0.040847026,0.177482,-0.20321806,0.16312383,-0.26743484,-0.21482404,0.09124916,-0.20881945,-0.3765325,-0.1855561,0.006605589,0.09527901
22-rdf-syntax-ns#nil,0.030400813,-0.38086957,0.3876505,-0.021696141,0.41761467,0.2543702,0.21437413,0.19918935,-0.32804844,-0.06736559,-0.23727027,0.13493887,-0.5308347,0.040343005,0.36204767,0.22957362,0.5757656,0.52103233,-0.42004532,-0.18162009,-0.09139511,0.38059857,0.32104063,-0.54060763,-0.22656754,0.084299184,0.1406938,0.24535063,0.087373614,0.34059316,-0.338145,-0.27505907,0.54720926,-0.196628,-0.119073026,-0.1891949,-0.1542245,-0.3477351,-0.3464626,-0.07246526
4,0.16283938,0.023306737,-0.0042722677,0.25861606,0.18264045,0.29611814,0.34231982,0.23149881,-0.15210897,0.10681826,-0.43667164,-0.017646352,-0.10017712,0.49778742,0.404119,0.19424461,0.28017154,0.32131428,-0.19024651,-0.4289316,-0.46097273,-0.17219222,0.4102554,1.1202372,-0.21051276,0.12659453,-0.4294536,0.14316955,-0.12037787,0.4343592,-0.24984181,0.07703096,-0.24154791,-0.19553797,-0.17021747,-0.17252538,-0.3682951,-0.32611635,-0.1987462,0.0950871
Air,0.280026,0.32911092,0.3513905,-0.20611353,0.15132771,0.3183635,0.21782057,-0.11013488,0.0148671465,0.06339842,-0.35077736,-0.23798181,0.21689422,0.4824175,0.4517173,-0.01879444,0.257983,0.13116589,-0.23374158,-0.08600151,-0.25562248,0.28130123,0.0128462445,0.49374464,-0.27224115,-0.058487978,-0.17455393,-0.3267697,0.5375308,0.60870963,-0.103857644,-0.23707119,-0.17828427,-0.06746575,-0.20351484,-0.17959653,-0.097360015,-0.35815635,0.012782575,0.2633678
Animal,0.4917601,-0.2474639,-0.15741159,-0.080127716,-0.2900325,-0.08527395,0.017880632,0.32710525,-0.6560483,0.073788084,-0.2623978,-0.31937835,-0.3387835,-0.16387649,0.58183706,0.3446802,-0.012075031,-0.077019624,-0.027923495,0.086975195,-0.48338568,-0.4782715,-0.34663326,0.078468345,-0.24292548,0.34207493,-0.13577542,-0.11277233,-0.18902744,0.61682564,-0.24052086,-0.6095581,-0.14210846,-0.065550864,-0.21602872,-0.054948483,0.1726597,-0.19625035,-0.17210439,0.4268571
Bat,0.21620344,-0.03482351,0.24161103,-0.2845073,0.44445798,0.09963781,0.22248723,0.03760178,-0.15813601,-0.14485586,-0.4533796,-0.22258736,-0.056189813,0.20281866,0.42797786,0.2934788,0.25956655,-0.046822265,-0.1315221,-0.039934758,-0.25330448,-0.43870372,0.16212608,0.4244757,-0.22224754,-0.19644102,-0.082314536,0.07367518,0.19234963,0.013154509,-0.09501122,-0.28959692,0.29787582,-0.289768,-0.09540522,-0.025351904,-0.23702784,-0.39637443,-0.11137999,0.3735225
Bird,0.24437426,-0.06688047,0.18138312,-0.20196816,0.19234115,0.12531167,0.028641026,0.25493437,0.03616514,0.048874207,-0.21022284,-0.3812637,-0.8054928,0.39786467,0.46097738,-0.033608355,0.28360036,0.05312357,-0.283599,-0.09677417,-0.15842915,-0.16500287,0.22734956,0.10664346,-0.13042523,-0.068966046,0.033354327,0.06625408,0.3047336,0.3054327,-0.17534208,-0.22536792,-0.05747028,-0.15485933,-0.1030271,-0.100683935,-0.17028287,-0.33368224,-0.17290089,0.32329383
Boy,0.07973537,-0.015447683,0.22945742,-0.21095927,0.20716625,0.15194342,0.26755702,0.36640725,-0.12970644,-0.07646277,0.13527066,-0.18592015,-0.12142906,0.39829192,0.45931104,0.3233074,0.28501302,-0.2019576,-0.26777795,-0.0462632,-0.21853317,-0.05991964,0.14017606,0.051629912,-0.30733508,-0.004771073,-0.13037401,0.068383545,0.13983765,0.023103464,-0.29155824,-0.15070704,-0.23196535,-0.21960671,-0.09394182,-0.057345033,-0.21392512,-0.48310977,-0.065032154,0.32251897
Cat,0.034425095,-0.13649562,0.012456488,-0.26622277,0.26522994,0.061209712,0.21769331,0.27633023,-0.120212436,0.34186944,-0.26891166,-0.03806412,-0.26271212,0.2436328,0.4509514,0.31674528,0.25271863,-0.048469167,-0.30129412,-0.12598918,-0.47747666,-0.031540345,0.28964671,0.24240114,-0.2832851,-0.23809963,-0.10172316,0.038230546,0.20079462,0.09288235,0.1906519,-0.31778803,-0.006029411,-0.28517556,0.17612018,-0.07016933,-0.26909003,-0.44558528,-0.012555733,0.33232877
Caves,0.25406292,-0.1680743,0.40926266,-0.25433725,0.2923614,0.26252505,0.22823784,0.25779647,0.031645767,0.059693523,-0.28298694,-0.31772593,0.41472232,0.37225515,0.43246168,-0.031611282,0.33072296,0.13403618,-0.3020514,0.048331514,-0.3273808,-0.19097139,-0.037027314,0.058549456,-0.28903902,-0.06905425,-0.19648963,0.020729862,0.31620142,0.3339884,-0.12042958,0.24929014,0.0051762643,-0.19963634,0.0009425009,-0.07492063,-0.23424643,-0.26195017,-0.016839309,0.27005
Covering,0.39223495,0.41280875,0.47183877,-0.23982564,0.17255017,0.27105427,0.22261956,0.30154973,-0.16717595,0.09890702,-0.42204276,-0.20877843,-0.16173898,0.14359091,0.57527083,0.30748346,0.13437049,0.02620332,-0.22365338,-0.109413706,-0.26026458,0.20559832,0.36542976,0.015761172,0.28847003,-0.5899299,-0.05674282,0.15287422,0.25828707,0.4313578,-0.37889484,0.09376957,0.0053399815,-0.12677129,-0.09288025,-0.14621797,0.1887894,-0.2567492,-0.17023191,0.37413543
Crocodile,0.2505567,-0.026980342,0.44197485,-0.31262,0.38391528,0.16280414,0.17435445,0.19108513,-0.15088625,0.12259233,-0.25616807,-0.23559101,-0.114448756,0.47062257,0.41844353,-0.047996208,0.23988132,-0.007617857,-0.22859144,0.01657667,-0.31727794,0.22401011,0.2196676,-0.17970148,-0.089080416,-0.17798969,-0.09803625,0.11420217,0.22329263,0.26814258,0.42190766,-0.28185904,0.11166708,-0.2506019,-0.090377636,-0.25202206,-0.11342153,-0.32608062,-0.1934244,0.32789615
Dog,0.20305124,-0.1548432,0.1892207,-0.2076155,0.15561792,0.3017307,0.34476632,0.13159943,-0.20245992,0.08912897,-0.043973178,-0.44928592,-0.31171152,0.2402506,0.325767,0.2724092,0.32024693,-0.06957267,-0.34349275,0.0032947082,-0.13535124,-0.2797766,0.33009204,0.36286736,-0.20122206,-0.19198203,-0.18714984,0.1478593,0.14212863,0.23643017,-0.29743037,0.16987951,0.20647837,-0.28522527,-0.19641091,-0.13678944,-0.24880822,-0.36083704,-0.11158461,0.3504784
Dolphin,0.26521948,0.080576,0.030144257,-0.3454365,0.25409856,0.093770675,0.25058666,0.33972055,-0.046556823,0.22729675,-0.6156622,-0.19636975,-0.21385264,0.40991673,0.49582657,0.30828667,0.25561163,0.23713553,-0.22905983,-0.072093636,-0.31388435,-0.32838884,0.33004344,-0.40579346,-0.1868749,-0.31478786,-0.28164658,0.052449174,0.22835852,0.00039489273,0.2890922,0.07526435,-0.26472554,-0.29581714,0.07330557,-0.07965876,-0.057449207,-0.040538676,-0.14868924,0.39589748
Dragon,0.19900122,0.023561873,0.50040245,-0.21680625,0.2427399,0.09913812,0.30215958,0.2732266,-0.16654406,0.2216448,-0.30009976,-0.16349356,0.16427307,0.44777775,0.3459525,0.16033417,0.33235002,-0.11986655,-0.33451062,0.036252312,-0.5616778,-0.29825032,0.19881931,0.018247668,-0.28588927,-0.035691287,-0.15143164,0.0826234,0.367814,-0.036385775,-0.22101636,-0.31838322,0.23346327,-0.1372009,-0.06978636,-0.08502381,-0.05819787,-0.3655568,-0.060203854,-0.0018821626
Eagle,0.19807993,0.02722512,0.07918221,-0.119469896,0.095489174,0.19251856,0.31363285,0.16647239,-0.15185694,0.3608175,-0.3513178,-0.21902001,0.14817853,0.33383355,0.53926337,0.21852483,0.11600519,-0.044081364,-0.29150447,0.07468776,-0.12773009,0.2249437,0.45731533,0.07348305,-0.06854396,-0.10738536,-0.3359051,0.06523477,0.16325106,0.1460601,0.018137418,-0.26072738,-0.60312647,-0.22968547,0.00597246,-0.2150703,-0.2951644,-0.36831582,-0.14125977,0.32482192
Eel,0.122514874,-0.09237101,0.1749248,-0.1710715,0.33509684,0.20164451,0.35660022,0.29488495,-0.17235255,0.21384183,-0.40644854,-0.15861136,0.4276925,0.34918994,0.3572393,-0.008905168,0.31391707,0.07281104,-0.24493462,-0.014444539,-0.3416347,-0.6094393,0.26192868,0.1647754,-0.14447235,0.33488733,-0.11384983,0.08798358,0.22037809,-0.03008339,-0.14037178,-0.25336456,-0.11590616,-0.32599327,-0.029893344,-0.16384795,-0.1972035,-0.24743402,-0.13171849,0.3325455
Feathers,-0.019132933,-0.36465448,0.42037228,-0.24786577,-0.2411306,0.34480056,0.202701,0.5185762,-0.08700522,0.11637928,-0.07920987,-0.24459627,-0.08930171,0.35333452,0.31692043,0.46201894,0.2226508,0.13263693,-0.25970638,-0.028407184,-0.1085977,-0.35553527,0.13102412,0.24449831,-0.40872115,-0.180776,-0.052003074,0.1676825,0.3500766,-0.12606178,-0.22186096,-0.48250118,-0.23606858,-0.26978415,-0.22732511,-0.13945039,0.15631492,-0.411607,-1.4119486e-05,0.38603842
Fish,0.3025901,0.25683162,0.25786087,-0.18586528,0.19968542,0.2011081,0.07560561,0.16085765,0.042135514,0.08956259,-0.22739533,-0.33003542,-0.089106135,0.2878122,0.4298241,0.3406974,0.328318,0.115826175,-0.21302328,-0.0831222,-0.23728281,0.14841935,0.17894252,0.006582846,-0.19931105,0.022684645,-0.17333995,-0.047304388,0.50039095,0.22925855,-0.20501931,0.048072502,0.008517732,0.13540989,-0.10546577,-0.30996618,-0.3139886,-0.3598017,-0.069428824,0.30894706
Girl,0.32594883,0.062693395,0.038045194,-0.20988545,0.24270955,0.08712878,0.17878939,0.2982887,-0.0122409575,0.16964027,0.078648366,-0.288638,0.23099086,0.41047356,0.42374837,0.16063008,0.3176476,0.13504502,-0.3153117,0.12398505,-0.24660258,-0.19340095,0.2180308,0.077217996,-0.28079176,-0.018002523,-0.23045474,0.10316519,0.347363,0.27173328,0.23167202,-0.32446906,-0.15187639,-0.18293676,-0.107270464,-0.03794421,-0.09024531,-0.2526088,0.010761975,0.35773033
Habitat,0.3918363,0.4573794,0.7497355,-0.07882317,0.33001995,0.2927205,0.07168975,0.20439966,-0.03205982,-0.01580619,-0.059978027,-0.21984579,0.38648218,0.15046369,0.4576973,-0.00047923316,0.19243132,0.0639522,-0.047626562,-0.03493096,-0.6412615,-0.29833558,0.33995777,-0.8634635,-0.1263762,-0.03572286,-0.09575109,0.033687335,0.28202572,0.67450225,-0.22725211,-0.18046308,0.32552007,-0.037376348,-0.07180482,0.3254598,-0.11842204,-0.30899513,0.04039634,0.4218842
Hair,0.077168986,0.5202089,0.39313346,-0.20196588,0.21396582,0.26777175,0.319247,-0.32785785,0.13797049,0.24827652,-0.17147987,-0.2664001,-0.31390077,0.38274103,0.3699937,0.2521885,0.30017063,0.11988092,-0.3616973,-0.087232366,-0.22002813,0.06342411,0.0061912597,0.18856241,-0.41408458,-0.21026848,-0.019748865,0.43412125,0.07220063,-0.007939653,-0.21161532,-0.45330152,-0.09211506,-0.24204485,-0.40098256,-0.28347445,-0.079248674,-0.35697535,-0.10189366,0.3855696
HasEggs,0.19719717,0.08520181,-0.2556343,-0.16274689,-0.002223185,-0.012186025,0.282778,0.20941117,-0.14080144,0.14438199,-0.35825658,-0.31911483,0.10379188,0.08414348,0.5404461,0.025214376,0.11840694,-0.13453335,-0.13673678,0.053930808,-0.48586366,-0.18709446,-0.26447773,0.053450182,-0.66418856,0.24886732,-0.19595478,0.5123843,0.044909474,0.5577973,-0.31071067,-0.32246757,-0.19706257,0.012350261,-0.083661936,0.07096658,0.03065156,-0.2910094,-0.040819515,0.3300587
HasGills,0.26428258,0.054757282,-0.031220544,-0.39942417,-0.057594508,0.23992117,0.2862987,0.2865426,-0.17227612,0.023579482,-0.20729217,-0.2191064,0.037056595,0.37684858,0.5882816,0.12525243,0.12395494,-0.00075576233,-0.0849866,0.01470347,-0.33370277,-0.14444113,0.23920667,0.052777477,-0.32919183,0.6360645,0.0011715592,0.074087635,0.14009707,0.27639592,-0.17744046,-0.28880188,-0.21661131,-0.15576106,-0.25777632,0.124607705,-0.062259026,-0.32330042,-0.021795256,0.28031707
HasMilk,0.43115816,0.23730277,0.15455407,0.0425018,-0.16592954,0.06752896,0.3088401,0.51521367,-0.12711169,0.040012646,-0.2423022,-0.18601096,-0.10357518,0.41136485,0.432184,0.21336755,0.3760497,-0.06690447,-0.07208692,-0.09527464,-0.2901925,-0.032344453,-0.20244211,0.024335792,-0.29394418,-0.5700083,-0.18450409,0.015336471,0.069073826,0.3343768,-0.12759995,-0.19904043,-0.19969054,-0.025542824,-0.18314396,-0.48639724,-0.037696425,-0.4077067,-0.07275731,0.42671117
Herring,0.058523756,0.11139373,0.22350223,-0.21174037,0.4683654,0.015021662,0.15342589,0.37318242,-0.141092,0.029358396,-0.2511145,-0.05890833,0.62603205,0.34397548,0.4455748,-0.00021390084,0.3167867,0.10176899,-0.19076276,-0.04622132,-0.109915264,0.014455738,0.28658214,-0.18513468,-0.15098324,0.17348142,-0.20222762,0.13492334,0.3307088,0.36085942,-0.30028638,-0.18123333,-0.28778148,-0.16583657,-0.065579206,-0.10325223,-0.123589225,-0.29124865,-0.08548811,0.36931285
Homeothermic,0.2621777,0.19750653,-0.00016415262,0.24321368,-0.10489201,0.081309915,0.304771,0.40271077,-0.2596448,0.030753706,-0.33984897,-0.24422838,-0.15770571,0.28146574,0.4582881,0.3917003,0.44625422,-0.027637593,-0.10815166,0.081341945,-0.26928276,-0.029540556,-0.39375734,-0.02354024,-0.3691843,-0.5177526,-0.06160705,0.2001907,0.0038394495,0.29810125,-0.14416061,-0.3699902,-0.13131353,0.014287184,-0.342975,-0.5596958,-0.07374978,-0.34639117,-0.0807559,0.41207695
Land,0.062342603,-0.346625,0.5198553,-0.21553001,0.105402194,0.18173292,0.12865919,0.20813708,0.0053870794,-0.0435842,-0.25773203,-0.2746107,0.16088127,0.38602695,0.32835808,-0.6541345,0.24463344,0.19457005,-0.35422328,-0.0405904,-0.15592247,-0.30177236,0.09879411,0.52353567,-0.36064836,-0.1092175,-0.26835018,0.062037554,0.29400325,0.6314111,-0.16586019,-0.11128308,-0.14825605,-0.0633638,-0.20897502,-0.2097664,-0.08643042,-0.3805152,0.01247957,0.3274894
Lizard,0.17813848,0.052520383,-0.06972605,-0.04751068,0.38115063,-0.13018039,0.42789808,0.24899608,-0.24026601,0.36103165,-0.0027716928,-0.183413,0.045859944,0.35895073,0.45526102,-0.036019403,0.39194763,-0.028470851,-0.33806637,-0.06275088,-0.0404046,-0.20964187,0.22466573,0.17519756,-0.07480989,0.25559223,-0.18610737,0.33647552,0.04594673,0.19266006,-0.40480036,-0.22614203,0.10997501,-0.09969458,-0.18307798,-0.08768598,-0.44635716,-0.41093507,-0.16006827,0.33845547
Mammal,0.24013802,-0.062971264,0.18485118,-0.17245446,0.28189802,0.13544719,-0.011749407,0.2382316,-0.014201391,0.10356967,-0.22639866,-0.24381578,-0.43231076,0.28037712,0.42556214,0.028481882,0.25208268,0.12978308,-0.2329519,-0.0389025,-0.30519384,-0.18505701,0.18856332,0.06565163,-0.22456974,-0.066055045,-0.062222008,0.033342578,0.47143942,0.2770888,-0.20997134,-0.0009662176,-0.731187,0.13486299,-0.15140674,-0.09753848,-0.21878973,-0.3786793,-0.13099901,0.2840283
N01e3cd5067084f888734481006024870,0.30470872,-0.25636238,0.14346096,-0.10528631,0.28180283,-0.13346516,0.23838584,0.1340694,-0.20258549,-0.09341548,-0.26989242,-0.13819359,-0.108756855,0.16833822,0.37087464,0.104830585,0.29830158,0.08491809,-0.4342778,0.006508274,-0.16068183,0.07260667,0.13799499,-0.071076155,-0.31014755,0.13134089,-0.32977867,0.25377452,0.1731925,0.31041226,-0.0092661455,-0.23330203,-0.03412367,-0.14049809,0.12197013,0.06437365,-0.21584843,-0.24314398,-0.38186938,0.21812776
N05a298aff0274d019bc3607100ba2c0c,0.4303629,-0.11713269,0.02483909,-0.5086423,0.39149174,0.40038568,0.25458887,0.09187255,-0.16349617,0.031707674,-0.014550024,-0.2450855,-0.30360425,-0.2012559,0.25344953,0.11748191,0.21315908,0.1955789,-0.32790828,0.16708636,-0.19950318,-9.33654e-05,-0.01744797,-0.26959145,-0.22764495,0.08302399,-0.27781162,0.30905637,0.15524751,0.16098611,-0.1897766,-0.12970145,-0.08075174,-0.1337365,-0.38094804,-0.48280263,-0.33320984,-0.21718572,-0.33457908,0.18907802
N09fe74874b314070b07de97455af82c9,0.29481995,0.13078022,0.08979319,-0.3747793,-0.1347016,0.1430971,0.21420325,0.35106686,-0.35151744,0.029085796,-0.1942516,0.080691434,0.029398222,0.3642632,0.30351385,0.2703126,0.031369995,0.20211367,-0.3136834,0.056970537,-0.20540431,-0.046878003,0.11520547,0.09165713,-0.2458025,0.22847185,-0.20847484,0.32824296,0.21584408,0.27019557,-0.23847033,-0.26916903,-0.2234525,-0.054490045,-0.014731043,-0.043092452,-0.11471996,-0.20963243,-0.26767683,0.20802438
N0aded64eed8f4cad87c0ad2f3dac4580,0.22701767,0.10520878,0.31943536,-0.0067993486,-0.25601533,0.17118037,0.22931574,0.05024805,-0.33011177,-0.0059131416,-0.15177539,-0.25135157,0.05518068,0.2678472,0.22538415,0.5048012,0.15430318,0.21346152,-0.3031346,0.08900342,-0.3157855,-0.022261523,0.18987317,-0.43701616,-0.21442957,-0.13541777,-0.43228963,0.34779465,0.29914522,0.28058028,-0.15138978,-0.24101365,-0.06408075,-0.14230706,0.12384014,0.010099985,-0.22658917,-0.2675482,-0.33608335,0.19781889
N0b0b05120e8e42f188b219b1a98d7550,-0.05482566,0.1987159,0.3498925,-0.6673362,0.39880985,0.21240342,0.19923039,-0.0448524,-0.31890363,-0.12086684,-0.35409796,-0.0840333,-0.1689936,-0.0028629885,0.42917925,0.25270107,-0.002682676,0.2771239,-0.38934156,-0.24166475,-0.34590948,-0.42156667,0.2619835,-0.112857476,-0.06390868,0.02774525,0.033547282,0.12719491,0.30314812,0.23888707,0.04663479,-0.29904702,-0.15997992,-0.36766312,-0.23045966,0.092248276,-0.29503444,-0.06722545,-0.21591026,0.05657889
N0e8ad5013c1d409fac5bd849853dbc39,0.30762932,-0.2613026,0.055505816,0.06852806,0.34587494,0.25204587,0.23940225,0.3832548,-0.27399656,-0.09790908,-0.32681128,-0.0073097977,-0.2022573,0.23202011,0.3786902,0.268935,0.3377498,-0.061844032,-0.45612907,0.06591937,-0.12292749,-0.01184265,0.015006684,-0.17732905,-0.048355404,-0.062578395,-0.34503555,0.12437759,0.18303479,0.2988793,-0.013138107,-0.20209992,-0.14997926,-0.12389546,0.09361371,-0.27063414,-0.13676265,-0.30792096,-0.36341462,0.2485923
N0fa391cd1ae34890b2e90cb793f5d322,0.39477047,0.12961191,0.11272535,0.052406736,0.19501156,0.27904165,0.2380436,0.14650556,-0.17414169,-0.049506906,-0.3515383,-0.11299165,-0.1458786,-0.007455775,0.35630974,0.16486746,0.3139266,0.10096711,-0.33930707,0.043857146,-0.17933515,-0.02174023,0.13559622,-0.06378394,-0.43579423,-0.25610524,-0.30057672,0.15351517,0.23875664,0.28281662,0.115408614,-0.20104335,-0.19695842,-0.103782654,0.09589687,-0.2943334,-0.13738532,-0.2175618,-0.34263724,0.21437566
N1104e4645c1244088f44095159217945,0.17517628,-0.14631556,0.112909555,-0.20684235,0.17769627,0.30846503,0.3693329,0.11715858,-0.094384134,0.13128628,-0.35190982,-0.0061939214,-0.39360285,0.0920592,0.27462623,-0.15638976,0.3129746,0.047750056,-0.2561421,0.007882443,-0.3823874,-0.20332888,0.24526657,0.024516553,-0.25095326,0.028127031,-0.018695304,0.12771335,0.22333069,0.07765589,0.03599134,-0.038360532,-0.0021976372,-0.23358391,-0.16610736,-0.28940043,-0.5279518,-0.42814872,-0.04161897,0.35584807
N1359de604d3f4dd2aaafc7cbbeb8c98e,0.3171917,0.16937605,0.015308843,-0.34111926,0.30097756,0.21667585,0.19175309,0.28881344,-0.34907168,0.011509211,-0.13408978,-0.09954611,0.15443751,0.23842077,0.27087083,0.0999789,0.14409065,0.05088423,-0.2848961,0.07374351,-0.19846432,-0.02856202,0.02675954,0.18518448,-0.20891127,0.21873774,-0.14739627,0.32774565,0.35413256,0.35886458,-0.22986913,-0.21480629,-0.24343461,-0.047942385,-0.0886153,0.06357984,-0.17040583,-0.18780006,-0.3126105,0.18078113
N13c0f65321ad4100a0560131eb0f1e3c,0.27492628,-0.22691707,0.003622527,-0.33703262,-0.04450579,0.090960965,0.2220482,0.41805217,-0.27964848,-0.118509166,-0.20394969,-0.19817118,-0.20133528,0.2022919,0.3524542,0.15913557,0.22083066,-0.0038331759,-0.25800312,0.084039405,-0.07880577,0.018735075,0.034947835,-0.24219704,-0.3028488,-0.4206916,-0.31065843,0.16938573,0.27848485,0.2390402,-0.21940812,-0.08738731,0.06487432,-0.1386585,0.08777621,-0.23783329,-0.2407911,-0.28642583,-0.30427667,0.2340878
N16f4338a81c2450ebf6db573673cb972,0.3016086,-0.29176673,0.049642462,-0.44821414,0.36121327,0.4188978,0.266601,0.12491971,-0.150208,0.01409481,-0.20715412,0.04829369,0.011443366,-0.12943694,0.3537714,0.27551794,0.19409165,0.16895588,-0.4124056,0.05200128,-0.18808274,0.051330872,0.03293785,0.14789732,-0.31313998,-0.0677197,-0.34120336,0.12769179,0.23879704,0.20714243,-0.24586144,-0.17308976,-0.03878936,-0.06956607,0.091055244,0.03255412,-0.16462618,-0.20716642,-0.3451989,0.2304847
N181bfdabb7d14730ad86454c9be7bd9c,0.3808113,0.1492958,0.10779419,0.15502605,0.10047971,0.3285029,0.16468695,0.17137027,-0.13928767,-0.10447209,-0.19529703,-0.15782456,-0.094676584,0.05611955,0.35406765,0.18670881,0.25524965,0.2410633,-0.40909496,0.03867689,-0.1416647,-0.2134018,0.05339337,-0.16885461,-0.33961803,0.2801805,-0.3743666,0.2524119,0.3485285,0.19223392,-0.20405562,-0.14835049,-0.10711599,-0.11581618,0.10077944,-0.4355829,-0.13611463,-0.1939787,-0.40212077,0.25636658
N1ebcca4235d5467c8ba668ffe5d0817f,0.29828364,-0.39724004,0.17962074,-0.1508042,0.28509918,0.2594683,0.30597267,0.07381302,-0.1595029,0.12503739,-0.32999676,0.10080836,-0.2669236,0.30194417,0.30820292,0.26234037,0.36506873,0.12631129,-0.39782935,-0.027938966,-0.30173895,0.055054784,0.35798153,-0.07629705,-0.30008224,-0.0564838,-0.013460983,0.03417341,0.2551929,0.20107347,0.0238599,-0.47135422,-0.048535295,-0.030346766,-0.04047374,0.015261637,-0.17059563,-0.1570979,-0.28365734,0.15578067
N214df6e07e144c58b9c68a479d6a1533,-0.020196393,0.089114994,0.3582955,-0.11407674,0.1394879,0.17840527,0.18036579,0.24397185,-0.33661687,-0.1627826,-0.39252523,-0.18730304,-0.40480587,0.0021392764,0.38434762,0.19721872,0.03353919,0.3177985,-0.3639021,-0.26494077,-0.29522422,-0.78584343,0.35065097,-0.18495615,-0.013710964,0.077654086,0.15840901,0.08716029,0.41413832,0.19677769,0.004686912,-0.10082251,-0.28436133,-0.34616637,-0.19253153,-0.22520454,-0.31690243,-0.104592554,-0.24666592,0.20552942
N22c97e480cd249adb083e0ae1ad29ba1,0.120996386,0.11172704,0.15031092,-0.22262174,0.22416553,0.25179905,0.30847317,0.29647464,-0.24415395,0.19778876,-0.4764147,0.4410552,-0.19648622,0.13901506,0.14242376,0.3434462,0.3043611,0.050040103,-0.29776987,0.13146089,-0.43156525,-0.19379099,0.25279438,-0.009005308,-0.29041535,0.09327268,0.10294354,0.0954301,0.062992714,-0.0013887692,-0.35160047,-0.12092769,-0.06557921,-0.13413592,-0.36545512,-0.081767544,-0.37853986,-0.45577872,-0.095892645,0.40896565
N24c2a5e52d6f45eab48f0ee63702cf8d,0.28485924,0.029138604,0.06356964,-0.10632865,0.40226167,-0.06269221,0.19433978,0.25029132,-0.3115842,-0.0028501286,-0.1456756,-0.043080784,0.037944186,0.16238904,0.16957764,0.19184422,0.32777932,0.117143705,-0.3508849,0.0519208,-0.4458725,0.12013021,0.0959715,-0.06342197,-0.28961813,0.19000281,-0.24916688,0.24354942,0.18515724,0.27214947,-0.27568927,-0.2850834,-0.03337277,-0.055787455,0.09888499,0.10983404,-0.20953993,-0.21027267,-0.3146091,0.2546535
N2b233e2e7f5e4ac890859ac0acad1208,-0.124918826,0.10731873,-0.01976029,-0.39505556,-0.035347823,0.28099617,0.06703234,0.097333096,-0.39926443,-0.1281331,-0.30559543,-0.071807146,0.15388757,0.06935147,0.20440565,0.14795363,0.054955624,0.33012882,-0.42084086,-0.1099357,-0.42828956,-0.12552819,0.47600862,-0.27923006,-0.015498975,-0.14397329,0.12962663,0.15152322,0.43622527,0.21958521,-0.050080433,-0.34246856,-0.38663068,-0.36232004,-0.31172228,-0.009486135,-0.5168079,-0.06507635,-0.29721612,0.29512075
N2bb5b996859f42508ce36b9eb4ceaef3,0.3268226,0.054726325,0.05057314,0.15445064,0.15108088,0.103096135,0.18358566,0.27082324,-0.16363323,0.1925481,-0.23918249,-0.28240383,-0.105189994,-0.035745494,0.31570137,0.24288706,0.17099771,0.18252765,-0.2767954,0.20320213,-0.24936686,0.085839264,0.053792644,0.03806672,-0.28698456,0.17022178,-0.063412525,0.22955893,0.28050262,0.17086883,-0.2205283,-0.22248004,-0.20627502,-0.33371753,-0.1587754,-0.5292368,-0.30537876,-0.26723048,-0.3699365,0.24879368
N2dc4f27fc0e744d298d510375565fb86,0.25345337,-0.25015336,0.2320532,-0.2853492,0.20049073,0.1115286,0.25388935,0.3762434,-0.086109675,-0.054089867,-0.43862897,-0.032308783,-0.1266856,-0.02540678,0.26814976,0.35414797,0.17648128,0.25630394,-0.31513062,0.23445837,-0.24340475,0.089711614,-0.07733982,0.027957756,-0.2751202,-0.30183342,-0.17209464,0.16903867,0.19613148,0.21087159,0.3328984,-0.2592737,-0.1864054,-0.28056082,-0.08021687,-0.07605673,-0.21630509,-0.31864882,-0.27678746,0.26690233
N3e021bdd01c345839acf769638612761,-0.020139132,0.023006983,0.4343284,-0.30844706,0.32766792,0.3230769,0.20702967,0.03954536,-0.25500372,-0.10879881,-0.36884996,-0.24638644,0.15837845,-0.10423082,0.45929104,0.1544386,-0.0224298,0.300043,-0.24808742,-0.22525813,-0.50306046,-0.35135168,0.22555593,-0.16260533,-0.08557154,-0.2412272,0.13622606,0.14337535,0.34642085,0.12142488,-0.08267715,0.024205202,-0.103336655,-0.24952646,-0.24421117,-0.06642622,-0.5836227,-0.079681076,-0.33157814,0.1716031
N419f27dc38db4cefbc750b8cbbd703e0,0.3508504,0.13454217,-0.08743134,-0.22829679,0.32322606,0.48155513,0.25304317,0.17536254,-0.19902056,-0.16118068,-0.2812813,-0.08948436,0.021776559,0.11997341,0.34525245,0.13390836,0.3366238,0.17907164,-0.32655638,0.061943013,-0.19799462,-0.103332214,-0.25499716,0.113895,-0.33214095,-0.15282215,-0.19206631,0.13798454,0.21623735,0.27241513,-0.20119262,-0.19901948,-0.09484909,-0.14466833,0.14157318,-0.27197096,-0.12821485,-0.22450992,-0.33527818,0.20316456
N424b23aa2bf74a0fba51557972b8d392,0.27859008,-0.0577577,0.13694505,-0.15361296,0.11483784,0.41220102,0.24141508,0.295854,-0.20200841,-0.07838899,-0.44205052,-0.15881705,-0.06840431,0.12617643,0.2767948,0.13681494,0.2691052,0.19967438,-0.2187515,0.24369638,-0.1490655,-0.09241866,-0.03141291,-0.0788348,-0.24536584,0.39895126,-0.18109499,0.19756058,0.1842495,0.15305676,-0.1487439,-0.22803694,-0.12688565,-0.25589713,-0.24280505,0.0966584,-0.26029655,-0.20813395,-0.31774184,0.22138835
N42b9e58b596e4a7f95435674a839572b,-0.12251757,-0.25095814,0.2302828,-0.33199698,0.21260124,0.19457051,0.06738601,0.109531246,-0.15458322,0.13342047,-0.1605242,-0.07749054,-0.19962542,0.09690797,0.40986246,0.2801834,-0.029842742,0.20861846,-0.42273772,-0.29856205,-0.37367827,-0.17416435,0.29288688,-0.101781085,-0.01564332,-0.15740545,0.047758915,-0.10869996,0.29332718,0.18051067,-0.033064965,-0.5432961,-0.16420847,-0.30477023,-0.38719463,-0.024390426,-0.57658803,0.012733672,-0.31316668,0.371729
N4abb2f4828794d0fa7d0c51f0554ec37,-0.107234724,0.294001,0.33881524,-0.2858436,-0.05977167,0.221378,0.16717434,0.13888621,-0.22411534,0.014525896,-0.040718295,-0.0035950667,-0.04216823,-0.040630743,0.34899172,0.1661893,-0.13880903,0.3120718,-0.38839304,-0.19803236,-0.4727428,-0.21199933,0.11816635,-0.07902778,0.034835737,0.18477674,0.05896283,0.072772354,0.4597065,0.21120523,0.13475865,-0.30795008,-0.32860836,-0.4793729,-0.2649463,-0.15787692,-0.6408237,-0.034871478,-0.4530524,0.3447625
N4fcb181eb4694ee49f5d30b863f9a16f,0.27788183,0.09291691,0.18821456,-0.020997288,-0.22696128,0.14550821,0.1634072,0.26644385,-0.20854332,-0.014991112,-0.26377705,-0.2461069,-0.036194284,0.1833713,0.2743495,0.40799034,0.27940345,0.16167937,-0.29064184,0.22795671,-0.22879307,0.27348295,0.14876035,-0.19818094,-0.2427668,-0.089507625,-0.0827574,0.24562825,0.16509318,0.25045714,-0.20036131,-0.27577642,0.04332819,-0.38998598,-0.041230716,-0.0026868957,-0.19524518,-0.23788199,-0.30639228,0.3350764
N52e8e3520bfe4bf2a881eb8b2c02c290,-0.061131362,-0.47652474,0.28723556,-0.35865906,0.1481024,0.32135302,0.31401035,0.17622398,-0.2622589,-0.21807115,-0.30042547,-0.22062969,-0.035461638,0.0038526577,0.35998982,0.2399095,-0.14400795,0.3203453,-0.49138153,-0.21033685,-0.18169829,0.42656055,0.27318656,-0.16957189,0.053220943,0.15931112,0.10934371,0.19322644,0.47861463,0.17078051,-0.07572348,-0.2852497,-0.18896645,-0.25297132,-0.2391046,-0.18117876,-0.41367742,-0.05223714,-0.22807853,0.16521111
N56358770ade14594a803208b8ffcaf84,0.25945145,-0.26723686,0.0666569,-0.27922386,0.21706876,-0.08131348,0.2344145,0.1300136,-0.17892644,-0.06784381,-0.32708818,0.0385363,-0.12836376,0.15267181,0.3631633,0.34151298,0.20902026,0.12402324,-0.4046427,0.03987714,-0.12771733,0.002691843,-0.0063099843,0.01119741,-0.28992712,0.34109217,-0.37430066,0.13783748,0.30429506,0.22434886,-0.13356131,-0.28145316,-0.018644558,-0.09330721,0.09824728,-0.03159402,-0.22297432,-0.27613425,-0.32490918,0.19210397
N599dda3b841945a5aeb5d69e2086a494,0.25834036,-0.25564075,0.04486504,-0.29416698,0.35031262,0.4997495,0.254292,0.13687758,-0.2052216,-0.11355733,-0.17171103,-0.10404578,0.021235928,0.16690089,0.37125415,0.19839545,0.058977578,0.027164716,-0.2848065,0.059222817,-0.16725735,-0.044082973,0.046942968,-0.010103738,-0.33446208,0.22097415,-0.2013101,0.11846113,0.233995,0.26912335,-0.21413869,-0.21568866,-0.014466334,-0.112336844,0.14432718,0.111866586,-0.18356365,-0.2528322,-0.30137748,0.2608845
N68138bb2c1834933b90c5eeb2903c36f,0.32103348,0.062066723,0.015208604,-0.562717,0.4805974,0.1716982,0.28584024,0.2341388,-0.21047783,-0.004631345,-0.120509036,-0.2428774,0.19774193,-0.0638581,0.22597365,0.24828582,0.10323752,0.3046313,-0.39758715,0.08341989,-0.30900258,0.18786395,0.07304013,-0.07890322,-0.22566433,-0.031407375,-0.33789948,0.19680911,0.27670676,0.013356414,-0.27906683,-0.2486208,-0.14586402,0.02098968,0.050874256,0.091304734,-0.24079111,-0.18505669,-0.34598365,0.16993341
N685c200dae4c43ce861a3f632000253a,0.31084335,-0.25119975,0.14585501,-0.24257141,-0.10742693,0.46507746,0.2738513,0.1790478,-0.23007323,-0.0025410189,-0.10042484,-0.070571385,0.10820913,0.10425301,0.31017908,0.12814038,0.036379006,0.10297849,-0.46591333,0.03967799,-0.25217074,-0.0059941877,0.21840847,0.12136882,-0.34600833,-0.56358325,-0.24935378,0.16977547,0.25831068,0.30226034,-0.23537347,-0.18472852,-0.04341973,-0.11343058,0.118331224,0.16187534,-0.26215985,-0.2358351,-0.32551375,0.17579032
N6d67393bd9dc4c1084c538e5ec71e8c5,0.27312112,-0.19215444,0.14467654,-0.00680909,-0.24914888,0.42321986,0.2489944,0.3925278,-0.28651938,-0.047422457,-0.3175753,0.0075372155,-0.095050775,0.28556684,0.3116567,0.3508648,0.22844774,0.049869254,-0.2831993,0.08153991,-0.14739677,-0.028030358,0.2314304,-0.2900943,-0.26233754,-0.15825604,-0.28857234,0.16102463,0.23966342,0.2684517,-0.21255511,-0.16241159,0.017170485,-0.18919794,0.09091808,-0.09357414,-0.15946746,-0.29570833,-0.36937538,0.23339169
N6f70f2f5b36946e1880933a6b7de47e8,-0.0657025,-0.012892217,0.38627094,-0.1464017,0.32206854,0.28049234,0.06111731,0.16231968,-0.28631082,-0.078103356,-0.40856963,-0.15272881,-0.3891262,-0.029521134,0.382574,0.29757503,-0.01806583,0.23758914,-0.30947408,-0.2718463,-0.4613699,0.1871921,0.25656977,-0.30635154,-0.1302815,-0.043457612,0.09512724,0.12417048,0.53839695,0.17755431,-0.080703475,-0.121117815,-0.7760319,-0.13960548,-0.2891875,-0.19866298,-0.36204115,-0.13605806,-0.25608397,0.13094844
N7efbe57383c94fbfafe6deb64da9adb0,-0.13381152,-0.031055793,0.09601334,-0.30616912,0.19463913,0.14466108,0.30655402,0.15066811,-0.2568115,0.020856136,-0.25756437,-0.19810794,0.039601047,-0.0016550982,0.46527997,0.17600702,-0.05424027,0.30310282,-0.45722544,-0.09340706,-0.45851237,-0.15161338,0.022808764,-0.2544583,-0.08534265,-0.094533406,0.07053609,0.03527739,0.4746791,0.24564551,-0.0794112,-0.41346052,0.4645225,-0.37424704,-0.19612649,0.06207168,-0.6347476,0.068153985,-0.20564088,0.2177923
N7f2780be5ed3491ca53af61224047ce6,0.36108202,0.09644699,0.48946145,-0.21432307,0.11125459,0.041170202,0.2414101,0.27323446,-0.25241598,0.009039334,-0.020090822,0.017186845,0.039555177,0.26511854,0.27072847,0.23034838,-0.06156101,0.2166924,-0.3623151,0.07202914,-0.19155627,-0.09753594,-0.18472226,0.0323461,-0.20283473,-0.3472576,-0.1337769,0.2949368,0.27152175,0.26533753,-0.20161904,-0.23329549,-0.031149657,0.01427302,0.135541,-0.32046133,-0.15785658,-0.315657,-0.301186,0.25527063
N83302feb2a7143b1b6bd4c41da20d1aa,0.31625208,-0.0920918,0.03143727,0.052315094,0.23379867,0.28675023,0.28723687,0.12626126,-0.2231336,-0.056153778,-0.22455035,-0.30166978,-0.07512128,0.18112114,0.2386415,0.23108113,0.2659312,0.19070055,-0.34302226,0.22427729,-0.14754052,-0.14530492,-0.06647293,-0.39476573,-0.24562362,0.03877792,-0.14755234,0.24000067,0.10612895,0.2145768,-0.1565026,-0.2002523,-0.07014203,-0.2890994,-0.1854807,-0.20285772,-0.24867915,-0.19280265,-0.36160183,0.25211415
N94c4b1b1ca65427baa87a46f17e60fff,0.3355766,-0.0036343413,0.17744665,-0.20390497,0.23380648,0.078522325,0.16758065,0.38409793,-0.19597358,-0.0362135,-0.44679552,-0.053334996,-0.10536238,0.06263848,0.37741745,0.35572466,0.13242233,0.19167097,-0.38812354,-0.024543632,-0.115167275,0.18730238,-0.019843558,0.1379413,-0.3075523,-0.3850074,-0.21697532,0.12851696,0.1974046,0.13872747,0.021558886,-0.48468208,-0.14673322,-0.11998181,0.12469001,-0.18586652,-0.074696526,-0.35886586,-0.32096195,0.17583333
N9770cc66c4c74fa784a7ec0f60d52351,0.30723503,0.10617369,0.11159825,-0.3531588,-0.019754143,-0.0027551292,0.18781063,0.3356517,-0.30962068,0.011980444,-0.17627278,0.1698983,-0.06614744,0.2766269,0.25636348,0.11471297,0.22155713,0.20619324,-0.2717691,0.08553129,-0.18367817,-0.11514994,0.23378552,0.101310536,-0.19245207,0.32642767,-0.23276114,0.2985869,0.35357857,0.4114688,-0.15264903,-0.27148253,-0.11866051,-0.049389355,0.0103767365,0.0062117544,-0.12054393,-0.2692111,-0.33984512,0.21329609
N9a841061bf404d18afc6474afd1f176e,0.26105934,0.20898001,0.021999616,-0.31162235,0.35347602,0.46179053,0.22728467,0.33178467,-0.18181051,-0.19666393,-0.4473707,-0.19808216,-0.14062594,0.06025281,0.23506908,-0.0029154478,0.034675483,0.114219874,-0.2065551,0.22703369,-0.2492645,-0.1611642,-0.040635873,-0.0847813,-0.27377957,0.21817029,-0.026740512,0.14573172,0.20456672,0.15725747,-0.19820264,-0.26460448,-0.12416594,-0.2714284,-0.122198254,0.012274258,-0.37240535,-0.28653526,-0.24854237,0.19087023
N9b9a83a5b8c746d0adbe6565844dec77,0.32615215,0.124108635,0.066335514,-0.0826747,0.012610667,0.19609387,0.18184495,0.37223274,-0.31102234,0.092484735,-0.11275546,0.06038485,0.0478695,0.3130555,0.27629194,0.20538434,0.14772913,0.19953048,-0.44439006,0.12151599,-0.2070158,-0.009108663,0.12003005,0.065434225,-0.19341655,0.3866385,-0.18271607,0.25258097,0.1837693,0.20167638,-0.25808936,-0.27448434,-0.21407957,0.014299187,0.05461354,0.017445575,-0.21361391,-0.19769184,-0.30014285,0.2805158
Na7478225ce64461cbde968c68b8aa474,-0.058253024,-0.35057977,0.34101534,0.01130285,0.15378222,0.16761637,0.045303233,0.29696855,-0.27506146,-0.06406672,-0.3628473,-0.26764622,-0.1041727,-0.04586301,0.5415848,0.1951508,0.077782184,0.30573887,-0.27094832,-0.20282342,-0.2257859,0.06258333,0.23365825,-0.068159975,-0.040554907,0.029981483,0.092381746,0.084245786,0.28304946,0.1283843,-0.055171948,-0.32040986,-0.4899928,-0.33098307,-0.30168146,-0.44204682,-0.5072715,-0.098140545,-0.27399206,0.3622084
Na937fe28eee84366b1c61b6374a6d528,-0.06503749,0.17709708,0.32624647,0.016990159,0.35789853,0.2693921,0.17331949,0.018922258,-0.40427214,0.13334659,-0.361426,-0.14809673,-0.24894728,-0.035156783,0.3355006,0.29463607,-0.15033698,0.30634016,-0.38993183,-0.20439555,-0.2283218,0.02422222,0.29705024,-0.39992365,-0.10237627,-0.09568223,-0.065560676,0.15734632,0.52443445,0.3707221,0.00541964,-0.0722507,-0.13192818,-0.33150005,-0.17488815,-0.23497336,-0.3809502,-0.082272954,-0.15027927,0.45824206
Naa20e98105d3463f8c3cfdb5343c4f93,0.29588,-0.22571833,0.1432202,-0.3706685,-0.06597162,0.018825999,0.22406672,0.1715951,-0.19651753,-0.12028101,-0.30705354,-0.18181646,-0.053197507,0.22124907,0.38107497,0.14158817,0.21852358,0.20234942,-0.31422493,0.06199356,-0.10592075,0.0792802,0.068418495,0.018625436,-0.31305528,0.2646818,-0.33817625,0.16884908,0.31916016,0.23572813,0.034100946,-0.13311696,-0.044516727,-0.1403506,0.110012144,0.10697709,-0.24876812,-0.27193063,-0.35584098,0.17823187
Naabd044611054fc9a7d2460ef73107d8,0.32639435,-0.028343294,-0.0010513782,-0.3024093,0.2799162,0.42528528,0.33047903,0.27836722,-0.18171631,-0.12706868,-0.055143405,-0.28481698,-0.08323853,0.12443894,0.2077922,0.1824997,-0.24224864,0.21273828,-0.3974855,0.16846883,-0.21124852,0.038099628,-0.019842692,-0.33977383,-0.23947424,0.17500372,-0.26046363,0.26564056,0.18135776,0.18264928,-0.20207636,-0.13309272,-0.12002466,-0.31473643,-0.0204776,-0.5294133,-0.14515208,-0.21515131,-0.28241715,0.22615938
Nabc36dfab8cb4e009f75f4cb666f9a43,0.24355334,-0.010027494,0.14937404,0.081503876,0.12965181,0.1621638,0.27640608,0.2865477,-0.30428708,0.022921627,-0.14472048,-0.18135045,0.29926947,-0.053419452,0.26855555,0.27101198,0.11232854,0.11817747,-0.31350464,0.20151249,-0.41359875,-0.021741841,0.07520191,-0.11578635,-0.3388195,-0.26479927,-0.017169269,0.22403903,0.13049318,0.2334155,-0.24543147,-0.26695707,-0.06836178,-0.31004986,0.030709641,0.012338153,-0.36272708,-0.29066724,-0.3032169,0.27411136
Nade8f7d1d3814a0f883c81d23ab9f761,0.3387072,0.2622906,0.077316515,-0.4971268,0.056604695,0.3180558,0.2728632,0.29362342,-0.21187875,0.051401615,-0.20217092,0.06262154,-0.13223389,0.00078154256,0.22896281,0.10897671,-0.061832834,0.24394603,-0.35808897,0.21081743,-0.18132405,-0.111587815,0.1488386,-0.4545797,-0.24294116,-0.48301628,-0.18842576,0.24895248,0.18780342,0.18920226,-0.2047779,-0.1837953,-0.007927116,-0.290927,-0.1140159,0.22589135,-0.35133615,-0.25315648,-0.35987613,0.1675733
Nb0d41811d86a49c798cb3a277e1e2009,0.2508284,-0.11933743,-0.16178867,-0.23924743,0.1565919,0.42215082,0.3376359,0.16785572,-0.2955665,-0.11464813,-0.17888024,-0.37937406,0.069106676,0.19293635,0.20874734,0.15689057,0.144006,0.13018313,-0.5316598,0.080738366,-0.22577149,0.30878472,-0.17202571,-0.05168063,-0.19470422,-0.15718539,-0.2626297,0.42423093,0.2618009,0.25150645,-0.017058594,-0.2724067,-0.09282386,-0.04079174,0.20526128,-0.36898452,-0.3030659,-0.21435873,-0.30911756,0.20361815
Nb7e73aea06ce4e8caae5a5d916d32d49,0.2775609,0.011390599,-0.00013929089,0.08025684,0.1748179,0.1578163,0.14361095,0.23347059,-0.2090348,0.103245504,-0.055725694,-0.06702558,-0.063086234,0.3416667,0.20502208,0.4334995,0.35497263,0.13298334,-0.48393744,0.12430131,-0.3986429,-0.02885547,0.04928219,-0.20737906,-0.20830095,-0.07735664,-0.32279,0.2182824,0.20221226,0.3033134,-0.21985453,-0.28589618,-0.23554848,-0.055807248,0.04023124,0.07254302,-0.1372387,-0.12661062,-0.35403043,0.26635113
Nbccec650f3254cf1a1c5461b6700451f,0.28943008,0.12627858,-0.04502686,-0.38841388,0.026954576,0.031335335,0.25355288,0.21289729,-0.2574589,-0.027821502,-0.24067195,-0.25254393,-0.10533422,0.048029568,0.28171355,0.1371251,0.32615158,0.13585696,-0.20806271,0.19406149,-0.18182953,0.037145518,0.068620116,-0.12588486,-0.27761677,-0.48552883,-8.988412e-05,0.21152543,0.19353075,0.35714588,-0.09838058,-0.07732917,-0.09892002,-0.35409442,-0.07372995,-0.297965,-0.31574333,-0.2646727,-0.28001764,0.25896367
Nbe8764f9800f42d08a3b5b4f1beee1e2,0.29732263,-0.014929615,0.08577056,-0.35651144,-0.0020935289,0.12926312,0.32157373,0.24491395,-0.24475563,0.1098347,-0.043696158,-0.30383065,0.021219935,0.09650892,0.27523482,0.075508125,0.08270514,0.13948074,-0.5022089,0.09549833,-0.21641259,0.35318244,0.2735116,0.2929882,-0.23521963,-0.49194655,-0.16281256,0.17400244,0.28773335,0.24849735,-0.3384105,-0.32873031,0.059822615,-0.10495665,0.08307205,0.25728443,-0.2768615,-0.2508685,-0.35754582,0.14988662
Nc4e60a11a2394fd6bdf8405164fe5b95,0.30021942,0.10453553,0.058938913,0.13818642,0.17296034,0.08816359,0.20276144,0.397874,-0.27636707,0.04375057,-0.10741155,0.040721074,-0.079127416,0.23555255,0.24877344,0.4066725,0.21442153,0.22395599,-0.37597078,0.08155712,-0.17751628,-0.023938704,0.03811705,-0.26990157,-0.19740903,0.23644757,-0.20862074,0.22928518,0.31268758,0.24576764,-0.23287879,-0.22087887,-0.17914522,-0.009341699,0.08024573,-0.11584656,-0.2086266,-0.230209,-0.35759753,0.33278888
Nc95252886bb34f3aa37a7c94504e0bff,0.12579843,-0.03804166,0.019359445,-0.31087026,-0.11288409,0.26775545,0.04265544,0.3272382,-0.26984876,-0.08068769,-0.13015854,-0.10956855,0.1270147,0.18122141,0.29480022,0.25887334,-0.005397074,0.18962392,-0.24236524,0.11445615,-0.63030624,0.18350294,0.20859423,0.020239603,-0.40029466,0.24662027,-0.20688072,0.2648965,0.14776452,0.26040402,-0.2635932,-0.43342164,0.064991,-0.23280016,0.153407,-0.073018886,-0.1265148,-0.2995169,-0.364892,0.17865404
Ncd97b3478a734d8383cdeb2e0e470e6c,0.07570588,-0.57456756,0.23668815,-0.22576052,0.2268744,0.16292311,0.21069646,0.6012595,-0.14098997,0.19495215,-0.19354062,-0.13411391,0.0016571762,0.09021121,0.27886534,-0.07696076,0.35259265,0.09056024,-0.29982626,0.045470934,-0.45535055,-0.26724067,0.30365732,0.053112697,-0.24429268,-0.038920607,0.13250425,0.0126696685,0.047616523,-0.05721438,-0.2912391,-0.1589617,-0.21476074,-0.35874885,-0.18650119,-0.11638569,-0.25648594,-0.3895238,-0.10524903,0.3566359
Ncda91e7246a44ad988fe72c3f5afb7cd,0.23812918,-0.14231074,0.12069721,-0.14526112,0.40705642,-0.016178433,0.24525292,0.12211658,-0.31363618,0.06778464,-0.22508597,-0.3636321,-0.13309398,0.07487766,0.23185848,0.05082613,0.2922301,0.052333634,-0.39681458,0.24961649,-0.56166124,0.083326265,-0.030678641,-0.3807631,-0.28503948,0.17182302,-0.20824917,0.26924846,0.085223876,0.045666974,-0.28371283,-0.16522443,-0.15800618,-0.30992004,-0.08868635,0.052453596,-0.43919924,-0.21427624,-0.33274615,0.1498302
Ncfee418f1dc5408dbe318d4ebcc3c730,0.3761738,0.119692884,0.09946652,-0.42242074,-0.12790433,0.2414969,0.38355204,0.31277895,-0.19741392,-0.07922539,-0.37724954,-0.13046895,-0.05967626,0.077040054,0.2887709,0.10068038,-0.10835986,0.170714,-0.2886221,0.21363382,-0.20854197,0.17926814,0.13082993,-0.008549452,-0.28110662,0.30482012,0.015893836,0.4444393,0.1408194,0.24529515,0.041880514,-0.096156925,-0.14615229,-0.2956877,0.02318503,-0.3699002,-0.31934756,-0.2884445,-0.24038254,0.2543382
Nd2355c5f894c40c988deccdb200ac090,0.27527964,-0.11820912,0.14548613,-0.41032124,0.09801322,0.011040689,0.23801823,0.2304925,-0.2133404,0.03065959,-0.36388916,-0.15551373,0.05780339,0.13020998,0.2278234,0.17685817,0.1992807,0.1520258,-0.32842368,0.21902229,-0.11568784,0.006346609,0.0009831236,0.062114127,-0.3178078,0.29354796,0.015421123,0.20370421,0.20136926,0.12538409,-0.22703612,-0.24912488,-0.17011376,-0.26961806,-0.14489943,0.09735578,-0.28393048,-0.28176454,-0.30114198,0.22252336
Nd4a5b3830310456caf12c842ef6c4f0e,0.37003103,0.18985218,-0.06975078,-0.23393798,0.0015235819,0.09510221,0.23700358,0.11470153,-0.34085545,-0.10164009,-0.12177748,-0.08542481,0.04364812,0.25079334,0.28179216,0.117026225,0.24223773,0.034570668,-0.26964107,0.04471652,-0.20579943,0.052063942,0.07867416,0.0605705,-0.24753968,-0.50250167,-0.099804595,0.32683524,0.31840906,0.5370097,-0.28414917,-0.24761815,-0.23926063,-0.024835885,0.11626975,-0.26590434,-0.17101854,-0.25664714,-0.37537825,0.22946605
Nd4c4853acd25492b91c6b1ff44642f38,-0.11463155,0.15692976,0.34482765,-0.13086945,0.17800252,0.26638272,0.32944086,-0.11181873,-0.3723118,-0.17632383,-0.46145907,-0.36143392,-0.33361232,0.10249451,0.47493234,0.2358288,0.010169819,0.21892174,-0.39987603,-0.26381925,-0.30492672,-0.30105853,0.18464918,-0.16886161,-0.14575572,0.06418553,0.086500876,0.12388494,0.5364295,0.3331219,0.08442574,-0.23973127,-0.030728495,-0.2876484,-0.3422758,-0.10519547,-0.34377885,-0.068682164,-0.19810721,-0.010353725
Nddd05251a0044287835ce7dce00cd2de,0.2179793,0.1482064,0.10750771,-0.069090284,0.072840005,0.4344284,0.14262433,0.3380863,-0.20448256,-0.12397624,-0.289692,-0.0022856183,-0.0032937834,0.15413365,0.33344665,0.06680005,0.26152834,0.07940149,-0.30285183,0.040490396,-0.08679678,-0.13946252,0.1508607,0.02662234,-0.2966063,0.44767153,-0.24384552,0.19952187,0.20450749,0.25060615,-0.20504373,-0.48259553,-0.14618497,-0.14479724,0.14197886,-0.044000227,-0.1686547,-0.30781186,-0.34045342,0.26935938
Ne56a1ef12f884948b4d2919acecb6115,0.34715885,0.05572818,0.08841998,0.072635315,0.14065458,0.11669626,0.21839917,0.25148582,-0.24304657,0.17391992,-0.1639422,0.021956228,0.055433836,0.09410354,0.19772504,0.27120432,0.35343102,0.11178944,-0.36694628,0.04228074,-0.33156216,0.16116965,0.09896813,-0.00941375,-0.3250371,-0.19718091,-0.2307927,0.22111246,0.2442389,0.42031312,-0.2151358,-0.28173104,-0.29680184,-0.056016948,0.03543855,0.08680794,-0.17943946,-0.21747781,-0.3415866,0.2632278
Ne992ae7958f64901a0fad04770253c7d,0.29707724,-0.16992332,0.412296,-0.14054132,0.25959527,0.17735393,0.25975952,0.10173612,-0.13908811,0.11223297,-0.22943033,0.10972255,-0.10188268,0.37672853,0.26898065,0.36656153,0.28070736,0.10502943,-0.30879575,0.010404995,-0.35651776,0.059543066,0.28765947,0.049185004,-0.2757747,0.08001717,0.05188761,0.034638666,0.3537473,0.23563436,0.0022856805,-0.39524364,-0.09604879,-0.049289282,0.14178903,0.05539266,-0.23090442,-0.17538844,-0.29876778,0.19343051
Nea7c2d66a5b041318b8385372731b2e4,0.29771858,-0.04376305,0.064462386,-0.3429484,0.24179617,-0.08941084,0.21388395,0.1994002,-0.21404247,0.049534068,-0.40031117,-0.1721139,-0.03627383,0.006419749,0.24640957,0.21631025,0.24825805,0.17276575,-0.23094304,0.18450962,-0.17548874,-0.16660911,-0.036224917,0.022115426,-0.26928654,0.370255,-0.0044438015,0.28275856,0.22542642,0.22930998,0.054050982,-0.15520494,-0.10987726,-0.29582074,-0.122680485,-0.38881406,-0.39277634,-0.2522869,-0.28840503,0.29250258
Nef9c31548a734fa897d861c8da8d7668,0.19302684,-0.0840523,-0.14091389,-0.25456578,0.3117112,0.19564876,0.19295222,0.3018809,-0.2576138,0.124075375,-0.10719692,-0.21003836,0.09773567,0.04771093,0.2752211,0.18128066,0.18579735,0.17832579,-0.2772792,0.22581309,-0.35057136,0.0028939354,-0.20327836,0.0657527,-0.31942979,-0.2027553,-0.1409498,0.21898583,0.12423012,0.23019858,-0.19396506,-0.23020971,-0.0022179913,-0.32842577,-0.06124868,-0.08295615,-0.4915999,-0.19985034,-0.26874804,0.2737078
Nf030184ae2e540ce9f81be5714485d58,0.22465979,-0.27928942,-0.06983824,-0.25389114,0.2872099,0.42245287,0.29835412,0.16994782,-0.17890695,-0.048322093,-0.15675542,0.0083545465,0.048323166,0.23403966,0.3390361,0.40102577,-0.103463374,0.13918586,-0.3740899,-0.024078576,-0.24555749,0.01919841,0.02167632,0.03769769,-0.3390814,-0.012421676,-0.3509929,0.07255606,0.24848388,0.25328568,-0.18479083,-0.18132189,-0.18262169,-0.13871491,0.1213764,-0.026686126,-0.050060783,-0.25615978,-0.34576473,0.2643087
Nf59e75ffca7c45ae9022513e9a0f4e6c,0.2479972,0.13021764,-0.045476243,-0.28801394,0.27640983,0.1887502,0.1852701,0.2650887,-0.3312024,0.1736953,-0.17329602,0.10264841,-0.04352739,0.38407943,0.24644074,0.26646486,-0.1804076,0.11465047,-0.4017423,0.06344027,-0.2500162,-0.038821638,-0.0140785985,-0.09627632,-0.13482071,0.0015008005,-0.25335962,0.16787408,0.277123,0.34552002,-0.20362258,-0.25573155,-0.17339277,-0.06628109,0.06353233,-0.14359784,-0.09265549,-0.27719015,-0.33165672,0.26801163
Nf692d13683a24b468995fd0086e7e16a,-0.052602433,-0.32668683,0.14664826,-0.4031974,0.16182902,0.16646749,-0.03045677,0.16478185,-0.2539429,-0.0077135703,-0.25360867,-0.24118982,-0.13254534,0.0789605,0.35358378,0.25808176,-0.032979395,0.32954174,-0.41042098,-0.28052366,-0.46686697,0.058221508,0.14950892,0.08705646,-0.056349006,-0.04091261,0.023195032,-0.10470768,0.4464733,0.20291685,-0.15066066,-0.02454116,-0.035928335,-0.47669503,-0.22059777,-0.17097566,-0.5450891,0.04747595,-0.22108628,0.41808698
Nfcd35997716046b58b0a68e7054992cf,0.32669827,0.0026091712,0.069047846,-0.31791854,0.21641447,-0.033995405,0.2115781,0.22398868,-0.22963308,0.028205035,-0.17244777,0.029237088,0.045912575,0.16313832,0.23352508,0.3827523,0.28351682,0.19285312,-0.31914914,0.09987027,-0.40191534,-0.0483658,-0.050157145,0.030529022,-0.23287556,0.3573477,-0.23404765,0.17995349,0.4078209,0.15249184,-0.18981704,-0.302542,-0.13245259,-0.046096794,0.074370906,0.04444197,-0.24707635,-0.15519166,-0.34359965,0.21369043
None,0.24188486,-0.27523267,0.53660434,-0.26183462,-0.073254585,0.2763778,0.30842707,-0.065098934,-0.013775432,0.033679612,-0.030554898,-0.36363724,-0.05027492,0.39764506,0.16756527,0.33362764,0.2706253,0.16428557,-0.43479523,0.014440107,-0.2999819,-0.16033728,0.04415904,-0.010927627,-0.40920678,-0.14772266,-0.18516557,0.17500608,0.25466296,0.15067488,-0.27003226,0.3910036,-0.3875385,-0.31910354,-0.475856,-0.15142186,0.022406295,-0.337731,-0.005410225,0.388801
Ostrich,0.20957096,-0.071904376,0.356113,-0.24081373,0.18443379,0.19366702,0.15704581,-0.027548386,-0.21109611,0.061653238,0.2654554,-0.19692068,0.10049208,0.4796011,0.39421597,0.15432635,0.34882513,-0.10011274,-0.18869983,0.0413785,-0.13163812,-0.22455542,0.18838897,0.27405265,0.023386575,-0.1742442,-0.18277587,0.092698,0.24171174,0.4802293,-0.09309227,-0.383072,-0.15758719,-0.14355415,-0.13008823,-0.16969457,-0.27858263,-0.41464663,-0.1024163,0.36194912
Penguin,0.20240568,0.00050886703,0.22215165,-0.21850732,0.26575118,0.074632235,0.09760453,0.24229646,-0.13091068,0.2268642,-0.11633925,-0.2247378,-0.46929285,0.45651227,0.47654435,0.28319806,0.2931138,0.046082404,-0.08181286,-0.0048926463,-0.22164597,-0.4610771,0.31870395,0.42046183,-0.13842903,0.15078618,-0.20599963,0.060277745,0.4720751,0.12519369,-0.11459791,-0.43955845,0.3506485,-0.18003015,-0.09337901,-0.29760107,-0.15161742,-0.26307735,-0.11474239,0.31008142
Platypus,0.19629176,-0.1678942,0.11223828,-0.26341155,0.3205803,0.11767689,-0.03559486,0.14893055,-0.16037329,0.28740823,-0.09503505,-0.2157526,0.25843248,0.335123,0.40427077,0.048473395,0.31633583,0.11846936,-0.18262129,-0.09996234,-0.20224017,0.1539869,0.37899676,0.26520655,-0.16308017,-0.35283884,-0.3203304,0.10727402,0.20205027,0.22230543,-0.110629685,-0.17693487,-0.35301167,-0.33452502,-0.08787265,-0.7492019,-0.26986614,-0.35500565,-0.055626765,0.37709126
Reptile,0.19685417,0.030260887,0.31217423,-0.21094902,0.31217912,0.10611463,0.063757814,0.21444966,-0.035676107,0.07680454,-0.2616789,-0.16917847,0.4190833,0.33601516,0.40325537,0.15802886,0.31818187,0.25696278,-0.2645788,-0.011583611,-0.22462562,-0.19386567,0.1902094,-0.005435769,-0.30438483,-0.048393834,-0.0004910128,0.06532985,0.28019902,0.274797,-0.13335125,-0.2095685,-0.010524793,0.06409365,-0.08723593,-0.1304872,-0.103605404,-0.28694856,-0.15344658,0.30415955
Scales,0.074640565,0.8690266,0.51355916,-0.24457729,-0.09981331,0.36196518,0.25732866,0.55716604,0.052031167,0.17768644,-0.26706234,-0.2862268,-0.10867643,0.30802256,0.18857333,-0.26502505,0.32240972,0.09441884,-0.35371065,0.011035669,-0.24954952,0.2776921,0.22962904,0.10341101,-0.40383255,-0.20727068,-0.09930863,0.08674102,0.32698163,-0.20885324,-0.1910656,-0.35887966,-0.06711004,-0.18280263,-0.35183772,-0.25207484,-0.007148688,-0.3770216,-0.048300706,0.4052865
Shark,0.22969317,-0.13896865,0.19409652,-0.20628358,0.43038285,0.12110554,0.16458778,0.4540443,-0.11809153,-0.045954335,0.044154204,-0.14924543,0.2728583,0.25703683,0.37587622,0.15352339,0.23427144,0.12162006,-0.27691695,-0.05656174,-0.28495702,-0.20598795,0.25301656,-0.17950419,-0.11925124,0.1766821,-0.15018407,0.062515356,0.1820774,0.058072694,-0.27698597,-0.35775882,0.30515924,-0.32528844,-0.2896732,-0.294649,-0.05477619,-0.24787089,-0.08887827,0.4382547
Snake,0.09723701,0.038080506,-0.13328856,-0.21576059,0.19895066,0.007709072,0.14790092,0.32158527,-0.098683305,0.21402967,-0.32288292,-0.20974784,-0.24369632,0.43675286,0.51020545,0.20964107,0.2883527,0.05162205,-0.22991204,-0.10011659,-0.20378509,0.42540908,0.43176135,-0.09034985,-0.20554133,0.11678838,-0.26411617,0.08540261,0.3766127,0.17405097,-0.3372094,-0.16650899,-0.0046984414,-0.2247629,-0.065136604,-0.07084292,-0.15361267,-0.33761376,-0.12284312,0.24221198
T-Rex,0.18307562,0.040604357,0.2522228,-0.2527903,0.072542526,0.25092137,0.21075295,0.17449959,-0.10571277,-0.022189016,-0.14074333,-0.3157099,-0.13658223,0.6311441,0.57935405,0.03840804,0.2794698,-0.14058495,-0.12426646,0.03395333,-0.22354592,-0.30832124,0.30353126,-0.16656038,-0.078422815,0.049629282,-0.27498245,0.03937932,0.32452205,0.12561086,-0.19887155,-0.0488163,-0.7271508,-0.08416605,-0.20037343,-0.5279877,-0.21413343,-0.29538596,-0.20178588,0.32056493
Trout,0.22940196,-0.16018775,0.13935311,-0.26985067,0.17176172,0.23248579,0.24099033,0.2903125,-0.083659,0.016536422,-0.10781357,-0.37322205,0.27208528,0.29694352,0.41608417,0.014675503,0.20554651,0.23752569,-0.31379902,0.025932351,-0.42832613,-0.11652492,0.28943992,-0.2292026,-0.097792275,0.26386055,-0.10518694,0.11117388,0.5121055,0.06791553,0.2628132,-0.023276178,-0.39708337,-0.15693194,0.085436024,-0.017332945,-0.15847014,-0.42263377,-0.06649975,0.25753817
Turtle,-0.01896547,-0.08928636,0.012265519,-0.14791262,0.21114162,0.34168538,0.2530557,0.42251492,-0.02692904,0.05731105,0.18500616,-0.44158635,-0.06762813,0.23861322,0.5875731,0.22477436,0.346711,0.31028175,-0.19422549,0.07374029,-0.43413556,-0.38982385,0.35196385,-0.043428943,-0.13232753,0.051884156,-0.09912645,0.21236748,0.46684864,0.18548223,-0.21817972,-0.12762633,-0.035779055,-0.20285597,-0.044101432,-0.04062225,0.14310609,-0.31065902,-0.15491515,0.2989511
Water,0.034232948,-0.8872,0.40320536,-0.1817296,0.5455778,0.51628083,0.4786059,-0.32867348,0.10317232,0.12888259,-0.3064059,-0.31921622,0.18022284,0.30538943,0.28612167,0.048325222,0.30448988,0.055623516,-0.52523166,-0.17507096,-0.11366505,-0.453439,0.021358218,0.21903841,-0.30978665,0.04589804,-0.44538072,0.2762863,-0.058737986,0.13019371,-0.119526684,-0.36099228,-0.10427177,0.362473,-0.365922,-0.3694876,-0.09242172,-0.4187104,0.0018261996,0.4085132
XMLSchema#decimal,0.29999235,-0.62216866,0.3045146,-0.2186407,0.17748061,0.20867354,0.029102316,0.20989153,-0.2706916,0.06586568,-0.002442726,-0.14895536,-0.13767394,-0.011274992,0.35160547,0.129158,0.4152215,0.26813927,-0.3272014,-0.03903995,-0.3675497,0.37218532,0.10343401,0.7155004,-0.039201498,-0.016005604,-0.035282996,0.19254117,0.29758957,0.3608888,-0.1666817,-0.18303388,0.1464942,-0.39602184,-0.066938885,-0.09913757,-0.18014194,-0.27876434,-0.10596045,0.3624834
animals,0.21220009,-0.4613101,0.037146863,-0.28425294,0.35230693,0.13429274,0.35355338,0.12179332,-0.018386116,0.26781532,-0.3655928,-0.098985575,-0.2499068,0.35436696,0.39540526,0.05232157,0.24873228,0.2172453,-0.2933709,0.087610684,-0.33026353,-0.045603834,0.0678537,-0.032944277,-0.13782258,-0.058469232,-0.17529353,0.030567283,0.52590966,0.19547349,-0.10925449,-0.1316851,-0.14630541,-0.10960564,-0.031838182,-0.2622614,-0.21777534,-0.23061244,-0.2514078,0.12763882
animals#bat01,0.25266197,-0.22101635,0.19386467,-0.26989627,0.24190818,0.16063994,0.32176617,0.2019665,-0.108080454,0.1656715,-0.07700894,-0.11849814,-0.18606451,0.20800442,0.35066107,0.13304527,0.21773112,0.46013296,-0.22837897,0.009865767,-0.17538516,0.22106948,0.18405406,-0.1714542,-0.11790087,-0.11567635,-0.13757025,0.01107865,0.35098755,0.2674593,-0.09123964,-0.27289373,-0.4339995,-0.21910027,-0.10248386,-0.090930544,-0.16462013,-0.18485917,-0.19280307,0.28261057
animals#boy01,0.32689455,-0.017734464,0.07227624,-0.14858158,0.15452291,0.14324665,0.2589848,0.12167213,-0.08258721,0.20762672,-0.35395554,-0.15650474,-0.119172335,0.23985465,0.40636393,0.11769806,0.14166853,0.5164551,-0.2922053,0.06023232,-0.031285007,-0.10581077,0.20840764,-0.010348628,-0.105916545,-0.0892101,-0.14562581,0.18596484,0.365748,0.20989048,-0.22590047,-0.36795837,-0.09299911,-0.19010518,-0.17886856,-0.12048448,-0.25517642,-0.19278397,-0.12658297,0.25794035
animals#cat01,0.18357037,0.06456984,0.119314104,-0.22039102,0.18592979,0.059797104,0.3203318,0.27795008,-0.17244865,-0.07827646,-0.04264249,-0.23541118,-0.080271125,0.23093614,0.5258701,0.23463194,0.18373963,0.44239643,-0.29900855,0.03186414,0.017370952,-0.10497607,0.33824474,0.24629891,-0.11541979,-0.060415737,-0.21469769,0.10051951,0.38186434,0.27501613,-0.2815439,-0.16103789,-0.21007368,-0.17618431,-0.07109002,-0.102410644,-0.20815822,-0.11754592,-0.19934839,0.23649399
animals#croco01,0.19432902,-0.16293134,0.17519137,-0.27268943,0.29510933,0.16121751,0.4297872,0.17425835,-0.07659229,-0.05882892,0.016416084,-0.090159304,-0.20297262,0.25263822,0.34689105,-0.013091804,0.2775808,0.3685357,-0.25433427,-0.018355468,-0.15048337,-0.27208436,0.05574164,0.04257565,-0.09054393,-0.08852243,-0.21200673,0.027072625,0.48630276,0.25851318,-0.3923857,-0.14656377,-0.2896508,-0.21013537,-0.04093974,-0.19019684,-0.18408597,-0.22354051,-0.19325317,0.27765107
animals#dog01,0.31968293,-0.11679738,0.14526744,-0.21483262,0.24087854,0.14787337,0.14610422,0.1737442,-0.102139786,-0.017775215,-0.29219753,-0.057552047,0.08317091,0.1990245,0.28589898,0.13927755,0.15571131,0.40674767,-0.34470776,0.009003024,-0.24726458,0.13231261,0.34365562,-0.00028758237,-0.117070265,-0.12363023,-0.22635642,0.070381545,0.35942063,0.08460646,-0.16121359,-0.5202418,-0.34455067,-0.18707198,-0.11055566,-0.22360213,-0.2047969,-0.21473394,-0.110449135,0.28022936
animals#dolphin01,0.21982247,-0.19333488,0.1266051,-0.3779148,0.26104537,0.10334537,0.24751703,0.07400141,-0.05267413,-0.04170471,0.072652034,-0.16062151,-0.061581593,0.19498244,0.3795224,0.13266459,0.2884516,0.22935258,-0.24404714,-0.029043062,-0.1519082,0.22655606,0.34373087,0.056236982,-0.12060665,-0.15073612,-0.016771339,0.2261322,0.44543076,0.31189469,-0.20033117,-0.41371176,-0.12942153,-0.2113533,-0.11398495,-0.23370735,-0.18499938,-0.273681,-0.2145402,0.25305387
animals#dragon01,0.07103422,-0.154344,0.20414451,-0.2551807,0.20419544,0.15789022,0.17190614,0.09440949,-0.041242704,-0.037722517,-0.151742,-0.1823246,-0.3125758,0.1889044,0.37533194,0.22936979,0.27181014,0.48151267,-0.27289814,0.16157293,-0.044313416,0.117842965,0.1051775,0.08768058,-0.12111193,-0.13260144,-0.24415451,0.13808337,0.50365716,0.37075937,-0.10575818,-0.20632035,-0.32920435,-0.2979473,-0.03102846,-0.10683909,-0.1621155,-0.15703486,-0.1775369,0.44038123
animals#eagle01,0.30357552,-0.25757778,0.16184975,-0.17922889,0.37431186,0.20082337,0.18431056,0.21929853,-0.02760647,-0.1953052,0.029699838,-0.15345049,-0.38744748,0.18159121,0.35471433,0.12814517,0.18959539,0.4404521,-0.25711975,0.0027962956,-0.14790404,-0.2899058,0.25328532,0.10060938,-0.09111361,-0.05242792,-0.08037889,0.13403083,0.44698942,0.32202643,-0.161282,-0.25473624,0.055635445,-0.19075465,-0.12178886,-0.24317737,-0.15461642,-0.20140435,-0.13588029,0.35824925
animals#eel01,0.18393227,-0.13337828,0.2207186,-0.22479646,0.29727364,0.15635076,0.2059067,0.09989797,-0.033123195,0.022993574,-0.041132286,-0.12058474,-0.5022632,0.16843884,0.36940357,0.14456476,0.16904722,0.35693458,-0.2690482,-0.019495314,-0.11301935,0.3164655,0.27679402,-0.028130976,-0.15047172,0.12932603,-0.26741073,0.19750953,0.5089014,0.38242358,-0.07703015,-0.24031499,-0.16121922,-0.23580565,-0.04812512,-0.19935818,-0.23016761,-0.2308308,-0.1690889,0.24817528
animals#girl01,0.23107569,-0.07457881,0.16114116,-0.23955359,0.16683152,0.14275149,0.27532548,0.10290003,-0.06277052,-0.11366418,-0.026300091,0.008998319,-0.3324382,0.18052945,0.26499715,0.1411098,0.22656494,0.27758405,-0.2806675,-0.13239221,-0.2812172,0.06387012,0.33061266,-0.014413083,-0.12852536,0.017500477,-0.006453213,0.1428395,0.47549444,0.22532171,-0.41819674,-0.29156438,-0.16758944,-0.2285634,-0.18375789,-0.11865706,-0.23134625,-0.20972396,-0.1795393,0.31765583
animals#herring01,0.3451816,-0.07232221,0.2883824,-0.31905523,0.29375267,0.17103942,0.35097325,0.10213392,-0.089739814,-0.011769622,-0.19000426,-0.25562578,-0.5362593,0.22016756,0.3382039,0.09548819,0.22653148,0.37065905,-0.24532895,0.02723129,-0.11537085,-0.105576105,0.2183113,-0.15103443,-0.047332622,0.16498712,-0.045764,0.2134155,0.41478848,-0.017380286,-0.09535206,-0.2667894,-0.10763435,-0.22504938,-0.10955544,-0.2331889,-0.23490198,-0.20760764,-0.21136571,0.25039724
animals#lizard01,0.34810686,-0.2560414,0.18665439,-0.19885097,0.32017323,0.17201504,0.1288438,0.057844475,-0.13214852,-0.14785103,-0.38658422,-0.09657825,-0.1977526,0.24837743,0.20998372,0.2440376,0.031417467,0.42357954,-0.2827508,0.035488147,-0.16398689,0.04358312,0.40619355,-0.13405377,-0.13047078,0.2527922,-0.14963381,0.10956548,0.34875733,0.2329062,-0.12981728,-0.28054395,-0.2915359,-0.2362482,-0.18299696,-0.07480559,-0.24251531,-0.20578505,-0.1528489,0.26657355
animals#ostrich01,0.24450253,-0.1653391,0.23818332,-0.24901514,0.39753434,0.17837188,0.32592547,0.25955302,-0.115411825,-0.025759319,-0.28408346,-0.16113445,-0.3180763,0.26743495,0.30884728,0.13713591,0.16302213,0.433842,-0.24782819,0.011954469,-0.24455196,-0.009909079,0.16502188,-0.06097985,-0.08485392,-0.0473694,-0.02944822,-0.01831986,0.37260044,-0.0146015985,-0.40930218,-0.20935707,-0.16214016,-0.17451581,-0.18073587,-0.1592176,-0.20204316,-0.17671596,-0.18715431,0.33325112
animals#penguin01,0.25104576,-0.16563348,0.3114407,-0.24126557,0.21587488,0.20857048,0.31640163,0.12271128,-0.009940507,-0.13339426,-0.16507187,-0.0013331339,0.13285924,0.17613256,0.34213457,0.07960581,0.20675047,0.36353123,-0.17066775,-0.009605358,-0.153689,0.15894204,0.22771093,-0.13346277,-0.13125513,0.12957329,-0.09320419,0.18267168,0.47390312,0.3069936,-0.22631747,-0.22622602,-0.3976655,-0.2535719,-0.07657461,-0.2492414,-0.1957527,-0.20387802,-0.22374131,0.2857131
animals#platypus01,0.2567551,0.015515977,0.21996103,-0.18833052,0.25090557,0.16191314,0.43021896,0.13319145,-0.19879304,-0.10897252,-0.1179623,-0.10101963,-0.35662162,0.27800152,0.27767724,-0.026431393,0.14910659,0.32168666,-0.24358232,0.1063775,-0.22351778,-0.16314933,0.29870322,-0.09671996,-0.15365364,-0.025351588,0.07564137,0.1017251,0.35219374,0.28653196,-0.1928167,-0.30651483,-0.052506275,-0.14075813,-0.12497783,-0.38776863,-0.2106147,-0.2127471,-0.19813906,0.20299478
animals#shark01,0.26510683,0.035627913,0.2374055,-0.20880076,0.32640582,0.15146862,0.3389591,0.051302083,-0.042855468,0.28697187,-0.31085747,-0.16317286,-0.30957922,0.18713821,0.22158669,0.04783804,0.28444389,0.4041508,-0.2739773,-0.05650267,-0.1697405,0.026996495,0.25356704,-0.0045756167,-0.10118399,0.02598575,0.0016603796,0.31210965,0.57258916,0.29782915,-0.22780946,-0.17006783,-0.41993612,-0.28000993,-0.032111555,-0.23073052,-0.10283469,-0.18824956,-0.22179908,0.17602742
animals#snake01,0.3411652,0.044748396,0.24895704,-0.21596941,0.21790065,0.20694557,0.2982509,0.17125921,-0.045913175,-0.14798574,-0.15676367,-0.06118084,0.017164825,0.23810883,0.3404626,0.06400653,0.23191985,0.40695065,-0.27180406,0.071521014,-0.1182622,-0.43275452,0.45506653,-0.12641215,-0.08861593,0.20247361,-0.18507342,0.19071442,0.4559865,0.18136393,-0.06476076,-0.36327082,-0.16350378,-0.2166539,-0.081032984,-0.20939964,-0.19680323,-0.18329096,-0.14210477,0.23552741
animals#trex01,0.22078526,-0.16325366,0.15661034,-0.2244874,0.33811304,0.09412416,0.322222,0.19338281,-0.07680631,0.13026166,-0.22867607,-0.07631159,-0.08283749,0.21503116,0.34643656,0.008030431,0.22374903,0.4635042,-0.2521095,0.010336833,-0.14297986,0.14561379,0.18874377,-0.066522926,-0.1109059,0.07023024,0.05206307,0.10455437,0.41355565,0.20604904,-0.13721734,-0.40241897,0.08251152,-0.20703888,-0.09928521,-0.35695928,-0.20682538,-0.24198134,-0.1465265,0.31725246
animals#trout01,0.1151199,-0.028379574,0.157293,-0.27394125,0.27595666,0.1363213,0.22972593,0.06640387,-0.059985112,0.030648107,-0.030211326,-0.019446857,-0.38722563,0.21100937,0.32689753,0.27177274,0.20674446,0.32197696,-0.33852175,0.031867627,-0.12950814,-0.013317824,0.32617128,-0.07066413,-0.09689823,0.17469092,-0.1139413,0.18903983,0.48636478,0.2118425,-0.29170462,-0.5602527,0.01625217,-0.23465896,-0.10247711,0.018196002,-0.21387765,-0.16464184,-0.13342546,0.3126515
animals#turtle01,0.13596545,0.043173347,0.26342008,-0.2800714,0.25964794,0.166222,0.2440044,0.08390323,-0.00053227704,-0.08885939,-0.32665822,0.052263107,-0.092224486,0.19095314,0.39526775,0.26583755,0.37387165,0.27117118,-0.28088355,0.062058147,-0.050702352,0.20201442,0.3935805,0.09987949,-0.13323489,-0.03816976,-0.10558031,0.20309617,0.41877326,0.16835393,-0.29818878,-0.44860992,-0.19473387,-0.19988139,-0.09368889,-0.09090546,-0.22736599,-0.16773766,-0.14561088,0.32336265
habitat,0.22005102,-0.1728374,0.47720447,-0.64525515,0.46420652,-0.2771141,0.4096075,0.35892418,-0.056971926,-0.22176798,-0.43995932,-0.18912905,-0.21337008,0.024688158,-0.35422558,0.4129794,0.5286577,0.2637541,-0.090374194,0.20889798,-0.15128475,0.19718921,0.3776864,-0.5571206,-0.059486885,-0.028027348,0.019749481,0.078379795,0.3957067,0.41377813,-0.21515945,-0.23455928,-0.21909584,0.2710857,0.05083013,-0.14804032,-0.39729312,-0.16480613,-0.050740056,0.3274969
hasCovering,-0.12232048,-0.27844346,0.36196154,-0.15367764,-0.19889657,0.88948005,0.4206853,0.5069064,0.18550476,-0.37756994,-0.40238327,-0.23461595,-0.16400291,-0.023678359,0.16607009,0.11046201,0.5362723,0.35012713,0.11623318,0.11210468,-0.23825909,0.06881394,0.35328197,0.295765,0.0826023,0.22345884,-0.025928527,0.059747268,0.47525388,0.3201227,-0.18496285,-0.40326795,-0.106225476,-0.137401,0.6766673,-0.41681644,-0.34516847,-0.151201,-0.07654261,0.42603523
hasLegs,0.11522265,0.025049884,0.3391704,-0.30524054,0.0018513966,0.20316346,0.44513163,0.5645072,0.3168036,-0.14163738,-0.43557218,-0.14625672,-0.27237684,0.0558441,0.17555131,0.22841941,0.3569111,0.24356498,-0.14493842,0.5307958,-0.20941097,-0.32389897,0.043663554,-0.5471628,0.042617783,0.10681654,0.11291269,0.06931111,0.2764548,0.22206517,-0.25901648,-0.38259956,-0.06363602,-1.0862733,-0.43437153,-0.10507976,-0.40049338,-0.15907349,-0.108442016,-0.24214987
owl#AllDisjointClasses,0.34258345,0.11530524,-0.045521475,-0.0517748,0.35024038,0.24909806,0.0913496,-0.13007027,-0.18685076,-0.22996433,-0.45628998,-0.5554628,0.096863255,0.10822382,0.19103663,0.14674762,0.19353667,0.53907627,-0.27595147,-0.2900844,-0.021207113,-0.17934668,0.51256996,0.26545787,-0.029975398,-0.12906621,-0.5075373,0.50003994,0.39165708,0.20896704,-0.37413225,-0.16426252,-0.2446739,-0.2781693,0.0770974,0.23083211,-0.08967953,-0.2819515,-0.29441836,0.4212191
owl#Class,0.26673982,-0.2683525,0.0052598044,0.11821286,0.83575785,-0.1502698,0.2802673,-0.22835484,-0.36784166,-0.58808035,0.045582283,0.41996375,-0.5621749,0.7165956,0.6143503,0.06580604,-0.26667964,0.5203011,-0.102273956,0.5717294,-0.17349847,0.5547557,0.5297262,0.65248805,-0.36345762,-0.50295293,-0.31426716,0.09573926,0.58224696,-0.011344987,-0.1097214,-0.32258996,-0.33133817,-0.07194318,0.037976593,-0.17280078,-0.19640869,0.4463445,0.2689814,0.37730175
owl#DatatypeProperty,0.22421838,-0.25494608,0.2852511,-0.33100414,0.101588614,0.18119782,0.022742163,0.09094332,-0.09041615,0.21786703,0.09020851,-0.08991368,0.040588442,0.20619202,0.3665479,0.2103065,0.27595785,0.266522,-0.06582368,-0.25997743,-0.41873956,0.47579023,0.2585524,-0.45052198,-0.32212105,-0.019157305,-0.32486135,0.045081757,0.42073217,0.3040165,-0.32710522,-0.3390087,-0.2655758,-0.36490574,-0.2664741,-0.089858495,-0.12407786,-0.27556995,-0.084011704,0.2136219
owl#NamedIndividual,-0.008933671,-0.033354454,-0.21088132,-0.47837755,0.64327025,0.28386942,0.14630644,0.22372718,-0.3098969,0.14477262,0.0022053218,-0.44953007,0.46435186,0.5886985,0.44366798,0.16460012,0.14798746,-0.5984009,-0.11693735,-0.009490136,-0.07616348,-0.14875652,0.76843697,-0.21302573,0.06540875,-0.08131858,-0.14117329,0.5413851,0.67232186,-0.060968272,0.358221,0.032059357,0.30356443,-0.28421393,0.09855153,-0.45593092,-0.3106911,-0.4601716,-0.052459475,0.26846835
owl#ObjectProperty,0.33138502,0.029723996,0.06366211,-0.2674043,0.27195975,0.22077973,-0.054474406,-0.063249454,-0.17490861,0.7768578,-0.009908314,0.22092548,0.08325183,0.15844032,0.21435174,0.39299822,0.21198034,0.32335988,-0.22701988,0.173792,-0.38455352,-0.48289046,0.41511303,-0.15114354,-0.16768757,0.16343379,-0.45804167,0.17670906,0.43639553,0.49213332,-0.36793464,-0.26461166,-0.36514488,-0.43050656,-0.12636185,0.05834115,-0.009459747,-0.31142205,-0.059871484,0.16760868
owl#Ontology,0.30818886,0.34841445,0.2593911,-0.25989813,0.35104907,0.22595944,0.089047775,-0.035625648,-0.11316457,-0.27290675,-0.037149057,-0.11188431,-0.03810036,0.24156581,0.27776822,-0.05079659,0.2274172,0.25858602,-0.24149387,-0.37141803,-0.20477375,0.058225524,-0.05446753,-0.12973538,-0.028623177,0.026622199,-0.16741376,0.29799646,0.40065882,0.36047477,-0.3786052,-0.3815723,-0.24334565,-0.20871751,0.03352962,-0.51278836,-0.17318258,-0.14775932,-0.22819948,0.34201175
owl#Restriction,0.18991008,-0.21056612,0.671229,0.012650046,0.9450516,0.48117435,0.25547406,0.6894206,-0.7576608,0.6245126,0.18449587,-0.19513808,-0.35442644,0.17007133,-0.27466026,0.06834465,0.36585936,0.2647391,0.041398883,-0.7372704,0.22864105,-0.28823468,-0.5284688,0.4305598,-0.13936228,-0.110102415,0.10988418,-0.30643868,0.5338112,-0.22639498,-0.009852533,-0.19168182,-0.44083184,-0.7634168,0.031731453,0.2711173,-0.25008798,0.1270863,-0.69179106,0.14590986
